<level>
	<name>Prologue</name>
	<!-- The images we'll use for our background -->
	<backgroundtiles>
		<backgroundtile isStartingBackground='true'>
			<filename>Images/Background_CitySkyline.png</filename>
			<zplane>-1</zplane>
		</backgroundtile>
		<backgroundtile>
			<filename>Images/Background_Mountains.png</filename>
			<zplane>-1</zplane>
		</backgroundtile>
		<backgroundtile isStartingBackground='true'>
			<filename>Images/Background_Hangar.png</filename>
			<zplane>0</zplane>
		</backgroundtile>
		<backgroundtile>
			<filename>Images/Background_Street.png</filename>
			<zplane>0</zplane>
		</backgroundtile>
		<backgroundtile>
			<filename>Images/Background_Tunnel.png</filename>
			<zplane>0</zplane>
		</backgroundtile>
		<backgroundtile>
			<filename>Images/Background_Bridge.png</filename>
			<zplane>0</zplane>
		</backgroundtile>
		<backgroundtile isStartingBackground='true'>
			<filename></filename>
			<zplane>1</zplane>
		</backgroundtile>
		<backgroundtile>
			<filename>Images/Background_Bridge1.png</filename>
			<zplane>1</zplane>
		</backgroundtile>
	</backgroundtiles>
	<!-- Our sound assets -->
	<sounds>
		<sound>
			<keyname>backgroundsong</keyname>
			<filename>Audio/Bonfire.ogg</filename>
			<type>music</type>
		</sound>
		<sound>
			<keyname>gameoversong</keyname>
			<filename>Audio/GameOver.ogg</filename>
			<type>music</type>
		</sound>
		<sound>
			<keyname>PlayerBulletFire</keyname>
			<filename>Audio/PlayerBulletFire.wav</filename>
			<type>sfx</type>
		</sound>
		<sound>
			<keyname>PlayerBulletHit</keyname>
			<filename>Audio/PlayerBulletHit.wav</filename>
			<type>sfx</type>
		</sound>
		<sound>
			<keyname>Explosion3</keyname>
			<filename>Audio/Explosion3.wav</filename>
			<type>sfx</type>
		</sound>
		<sound>
			<keyname>Pause</keyname>
			<filename>Audio/Pause.wav</filename>
			<type>sfx</type>
		</sound>
		<sound>
			<keyname>PlayerGotHit</keyname>
			<filename>Audio/PlayerGotHit.wav</filename>
			<type>sfx</type>
		</sound>
		<sound>
			<keyname>Transforming</keyname>
			<filename>Audio/Transforming.mp3</filename>
			<type>sfx</type>
		</sound>
	</sounds>
	<!-- Our colorful cast of characters -->
	<items>
		<item>
			<name>rabbit</name>
			<numcopy>1</numcopy>
			<filename>rabbit.xml</filename>
		</item>
		<item>
			<name>mouse</name>
			<numcopy>1</numcopy>
			<filename>mouse.xml</filename>
		</item>
		<item>
			<name>player</name>
			<numcopy>1</numcopy>
			<filename>player.xml</filename>
		</item>
		<item>
			<name>building</name>
			<numcopy>1</numcopy>
			<filename>building.xml</filename>
		</item>
		<item>
			<name>enemyBomber</name>
			<numcopy>1</numcopy>
			<filename>enemyBomber.xml</filename>
		</item>
		<item>
			<name>barricadeConcrete</name>
			<numcopy>1</numcopy>
			<filename>barricadeConcrete.xml</filename>
		</item>
		<item>
			<name>barricadeLaser</name>
			<numcopy>1</numcopy>
			<filename>barricadeLaser.xml</filename>
		</item>
		<item>
			<name>enemySecurityGuard</name>
			<numcopy>1</numcopy>
			<filename>enemySecurityGuard.xml</filename>
		</item>
		<item>
			<name>enemyGorilla</name>
			<numcopy>1</numcopy>
			<filename>enemyGorilla.xml</filename>
		</item>
		<item>
			<name>tunnelEntrance</name>
			<numcopy>1</numcopy>
			<filename>tunnelEntrance.xml</filename>
		</item>
		<item>
			<name>tunnelExit</name>
			<numcopy>1</numcopy>
			<filename>tunnelExit.xml</filename>
		</item>
		<item>
			<name>enemyVehiclePink</name>
			<numcopy>1</numcopy>
			<filename>enemyVehiclePink.xml</filename>
		</item>
		<item>
			<name>enemyVehicleBlue</name>
			<numcopy>1</numcopy>
			<filename>enemyVehicleBlue.xml</filename>
		</item>
		<item>
			<name>enemyVehicleBlack</name>
			<numcopy>1</numcopy>
			<filename>enemyVehicleBlack.xml</filename>
		</item>
		<item>
			<name>enemyVehicleYellow</name>
			<numcopy>1</numcopy>
			<filename>enemyVehicleYellow.xml</filename>
		</item>
		<item>
			<name>playerBullet</name>
			<numcopy>10</numcopy>
			<filename>playerBullet.xml</filename>
		</item>
		<item>
			<name>enemyVehiclePinkBullet</name>
			<numcopy>10</numcopy>
			<filename>enemyVehiclePinkBullet.xml</filename>
		</item>
		<item>
			<name>enemyBomberBullet</name>
			<numcopy>20</numcopy>
			<filename>enemyBomberBullet.xml</filename>
		</item>
		<item>
			<name>enemyMissile</name>
			<numcopy>4</numcopy>
			<filename>enemyMissile.xml</filename>
		</item>
		<item>
			<name>enemyReticle</name>
			<numcopy>4</numcopy>
			<filename>enemyReticle.xml</filename>
		</item>
		<item>
			<name>barrel</name>
			<numcopy>6</numcopy>
			<filename>barrel.xml</filename>
		</item>
		<item>
			<name>enemyMelee</name>
			<numcopy>5</numcopy>
			<filename>enemyMelee.xml</filename>
		</item>
		<item>
			<name>warningArrow</name>
			<numcopy>3</numcopy>
			<filename>warningArrow.xml</filename>
		</item>
		<item>
			<name>explosion</name>
			<numcopy>4</numcopy>
			<filename>explosion.xml</filename>
		</item>
	</items>
	<!-- The events that will happen throughout this level -->
	<events>
		<!-- Spawn the Player -->
		<event>
			<timestamp>0</timestamp>
			<duration>0</duration>
			<action>spawn_item</action>
			<status>new</status>
			<type>player</type>
			<posx>700</posx>
			<posy>450</posy>
			<speedx>0</speedx>
			<speedy>0</speedy>
			<state>empty</state>
		</event>
		<!-- Spawn some empty enemyMelees -->
		<event>
			<timestamp>0</timestamp>
			<duration>0</duration>
			<action>spawn_item</action>
			<status>new</status>
			<type>enemyMelee</type>
			<posx>400</posx>
			<posy>300</posy>
			<speedx>0</speedx>
			<speedy>0</speedy>
			<state>empty</state>
		</event>
		<event>
			<timestamp>0</timestamp>
			<duration>0</duration>
			<action>spawn_item</action>
			<status>new</status>
			<type>enemyMelee</type>
			<posx>400</posx>
			<posy>400</posy>
			<speedx>0</speedx>
			<speedy>0</speedy>
			<state>empty</state>
		</event>
		<event>
			<timestamp>0</timestamp>
			<duration>0</duration>
			<action>spawn_item</action>
			<status>new</status>
			<type>enemyMelee</type>
			<posx>400</posx>
			<posy>500</posy>
			<speedx>0</speedx>
			<speedy>0</speedy>
			<state>empty</state>
		</event>
		<!-- Start the Cutscene -->
		<event>
			<timestamp>0</timestamp>
			<duration>12</duration>
			<action>cutscene</action>
			<status>new</status>
		</event>
		<!-- Show the titlecard/intro graphic for this level -->
		<event>
			<timestamp>0</timestamp>
			<duration>5.4</duration>
			<action>screenoverlay</action>
			<status>new</status>
			<image>Images/L1Screen.png</image>
		</event>
		<!-- Display some humourous captioning to accompany it . . . -->
		<event>
			<timestamp>0</timestamp>
			<duration>1.8</duration>
			<status>new</status>
			<action>speechortext</action>
			<actor></actor>
			<quadrant>3</quadrant>
			<text>Sometime in the future . . . </text>
			<color>white</color>
			<font>28px Do Hyeon</font>
		</event>
		<event>
			<timestamp>1.8</timestamp>
			<duration>1.8</duration>
			<status>new</status>
			<action>speechortext</action>
			<actor></actor>
			<quadrant>3</quadrant>
			<text>Sometime in the future . . . or past . . . </text>
			<color>white</color>
			<font>28px Do Hyeon</font>
		</event>
		<event>
			<timestamp>3.6</timestamp>
			<duration>1.8</duration>
			<status>new</status>
			<action>speechortext</action>
			<actor></actor>
			<quadrant>3</quadrant>
			<text>Sometime in the future . . . or past . . . I don't know . . .</text>
			<color>white</color>
			<font>28px Do Hyeon</font>
		</event>
		<!-- Spawn mouse and rabbit  -->
		<event>
			<timestamp>5</timestamp>
			<duration>0</duration>
			<action>spawn_item</action>
			<status>new</status>
			<type>mouse</type>
			<posx>220</posx>
			<posy>250</posy>
			<speedx>0</speedx>
			<speedy>0</speedy>
			<state>idle</state>
		</event>
		<event>
			<timestamp>5</timestamp>
			<duration>0</duration>
			<action>spawn_item</action>
			<status>new</status>
			<type>rabbit</type>
			<posx>200</posx>
			<posy>400</posy>
			<speedx>0</speedx>
			<speedy>0</speedy>
			<state>idle</state>
		</event>
		<!-- Have rabbit reference Dylan/Hendrix -->
		<event>
			<timestamp>6</timestamp>
			<duration>2</duration>
			<status>new</status>
			<action>speechortext</action>
			<actor>rabbit</actor>
			<quadrant>1</quadrant>
			<text>There must be some kind of way out of here!</text>
			<color>white</color>
			<font>20px Arial</font>
		</event>
		<!-- Have mouse point out the unicycle -->
		<event>
			<timestamp>8</timestamp>
			<duration>2</duration>
			<status>new</status>
			<action>speechortext</action>
			<actor>mouse</actor>
			<quadrant>4</quadrant>
			<text>Let's take that red one!</text>
			<color>white</color>
			<font>16px Bungee</font>
		</event>
		<!-- Have mouse and rabbit get into the running state. This'll get them to move towards the player's location and deactivating themselves and changing the player state to get ready to move -->
		<event>
			<timestamp>9</timestamp>
			<duration>0</duration>
			<action>change_state</action>
			<status>new</status>
			<actor>mouse</actor>
			<newState>running</newState>
		</event>
		<event>
			<timestamp>9</timestamp>
			<duration>0</duration>
			<action>change_state</action>
			<status>new</status>
			<actor>rabbit</actor>
			<newState>running</newState>
		</event>
		<!-- Have rabbit look back and mention the enemyMelees -->
		<event>
			<timestamp>15.6</timestamp>
			<duration>0</duration>
			<action>change_state</action>
			<status>new</status>
			<actor>player</actor>
			<newState>shoot_left</newState>
		</event>
		<event>
			<timestamp>15.6</timestamp>
			<duration>2</duration>
			<status>new</status>
			<action>speechortext</action>
			<actor>rabbit</actor>
			<quadrant>1</quadrant>
			<text>We've got company!</text>
			<color>white</color>
			<font>20px Arial</font>
		</event>
		<!-- Spawn an enemyMelee to chase them -->
		<event>
			<timestamp>16</timestamp>
			<duration>0</duration>
			<action>spawn_item</action>
			<status>new</status>
			<type>enemyMelee</type>
			<posx>-50</posx>
			<posy>300</posy>
			<speedx>0</speedx>
			<speedy>0</speedy>
			<state>idle</state>
		</event>
		<event>
			<timestamp>16</timestamp>
			<duration>0</duration>
			<action>spawn_item</action>
			<status>new</status>
			<type>enemyMelee</type>
			<posx>-50</posx>
			<posy>500</posy>
			<speedx>0</speedx>
			<speedy>0</speedy>
			<state>idle</state>
		</event>
		<!-- Unload the rabbit and mouse objects -->
		<event>
			<timestamp>16</timestamp>
			<duration>0</duration>
			<action>unload_asset</action>
			<status>new</status>
			<assetname>rabbit</assetname>
		</event>
		<event>
			<timestamp>16</timestamp>
			<duration>0</duration>
			<action>unload_asset</action>
			<status>new</status>
			<assetname>mouse</assetname>
		</event>
		<!-- Spawn a laser barricade or three along with some warnings-->
		<event>
			<timestamp>21.6</timestamp>
			<duration>0</duration>
			<action>spawn_item</action>
			<status>new</status>
			<type>warningArrow</type>
			<posx>1050</posx>
			<posy>300</posy>
			<speedx>0</speedx>
			<speedy>0</speedy>
			<state>idle</state>
		</event>
		<event>
			<timestamp>22.3</timestamp>
			<duration>0</duration>
			<action>spawn_item</action>
			<status>new</status>
			<type>barricadeLaser</type>
			<posx>canvasWidth</posx>
			<posy>300</posy>
			<speedx>this.backgroundSpeedX0</speedx>
			<speedy>0</speedy>
			<state>idle</state>
		</event>
		<event>
			<timestamp>24.3</timestamp>
			<duration>0</duration>
			<action>spawn_item</action>
			<status>new</status>
			<type>warningArrow</type>
			<posx>1050</posx>
			<posy>500</posy>
			<speedx>0</speedx>
			<speedy>0</speedy>
			<state>idle</state>
		</event>
		<event>
			<timestamp>25</timestamp>
			<duration>0</duration>
			<action>spawn_item</action>
			<status>new</status>
			<type>barricadeLaser</type>
			<posx>canvasWidth</posx>
			<posy>550</posy>
			<speedx>this.backgroundSpeedX0</speedx>
			<speedy>0</speedy>
			<state>idle</state>
		</event>
		<event>
			<timestamp>26.6</timestamp>
			<duration>0</duration>
			<action>spawn_item</action>
			<status>new</status>
			<type>warningArrow</type>
			<posx>1050</posx>
			<posy>300</posy>
			<speedx>0</speedx>
			<speedy>0</speedy>
			<state>idle</state>
		</event>
		<event>
			<timestamp>27.5</timestamp>
			<duration>0</duration>
			<action>spawn_item</action>
			<status>new</status>
			<type>barricadeLaser</type>
			<posx>canvasWidth</posx>
			<posy>300</posy>
			<speedx>this.backgroundSpeedX0</speedx>
			<speedy>0</speedy>
			<state>idle</state>
		</event>
		<!-- Spawn some barrels and warning arrows for them -->
		<event>
			<timestamp>31.8</timestamp>
			<duration>0</duration>
			<action>spawn_item</action>
			<status>new</status>
			<type>warningArrow</type>
			<posx>1050</posx>
			<posy>350</posy>
			<speedx>0</speedx>
			<speedy>0</speedy>
			<state>idle</state>
		</event>
		<event>
			<timestamp>31.8</timestamp>
			<duration>0</duration>
			<action>spawn_item</action>
			<status>new</status>
			<type>warningArrow</type>
			<posx>1050</posx>
			<posy>450</posy>
			<speedx>0</speedx>
			<speedy>0</speedy>
			<state>idle</state>
		</event>
		<event>
			<timestamp>31.8</timestamp>
			<duration>0</duration>
			<action>spawn_item</action>
			<status>new</status>
			<type>warningArrow</type>
			<posx>1050</posx>
			<posy>550</posy>
			<speedx>0</speedx>
			<speedy>0</speedy>
			<state>idle</state>
		</event>
		<event>
			<timestamp>32.5</timestamp>
			<duration>0</duration>
			<action>spawn_item</action>
			<status>new</status>
			<type>barrel</type>
			<posx>1200</posx>
			<posy>320</posy>
			<speedx>this.backgroundSpeedX0</speedx>
			<speedy>0</speedy>
			<state>idle</state>
		</event>
		<event>
			<timestamp>32.5</timestamp>
			<duration>0</duration>
			<action>spawn_item</action>
			<status>new</status>
			<type>barrel</type>
			<posx>1220</posx>
			<posy>380</posy>
			<speedx>this.backgroundSpeedX0</speedx>
			<speedy>0</speedy>
			<state>idle</state>
		</event>
		<event>
			<timestamp>32.5</timestamp>
			<duration>0</duration>
			<action>spawn_item</action>
			<status>new</status>
			<type>barrel</type>
			<posx>1240</posx>
			<posy>440</posy>
			<speedx>this.backgroundSpeedX0</speedx>
			<speedy>0</speedy>
			<state>idle</state>
		</event>
		<event>
			<timestamp>32.5</timestamp>
			<duration>0</duration>
			<action>spawn_item</action>
			<status>new</status>
			<type>barrel</type>
			<posx>1260</posx>
			<posy>500</posy>
			<speedx>this.backgroundSpeedX0</speedx>
			<speedy>0</speedy>
			<state>idle</state>
		</event>
		<event>
			<timestamp>32.5</timestamp>
			<duration>0</duration>
			<action>spawn_item</action>
			<status>new</status>
			<type>barrel</type>
			<posx>1280</posx>
			<posy>560</posy>
			<speedx>this.backgroundSpeedX0</speedx>
			<speedy>0</speedy>
			<state>idle</state>
		</event>
		<event>
			<timestamp>32.5</timestamp>
			<duration>0</duration>
			<action>spawn_item</action>
			<status>new</status>
			<type>barrel</type>
			<posx>1300</posx>
			<posy>590</posy>
			<speedx>this.backgroundSpeedX0</speedx>
			<speedy>0</speedy>
			<state>idle</state>
		</event>
		<!-- Unload the barricadeLaser -->
		<event>
			<timestamp>33</timestamp>
			<duration>0</duration>
			<action>unload_asset</action>
			<status>new</status>
			<assetname>barricadeLaser</assetname>
		</event>
		<!-- Start the warning flashing -->
		<event>
			<timestamp>33</timestamp>
			<duration>0</duration>
			<action>change_variable</action>
			<status>new</status>
			<variable>warningFlashingTimer</variable>
			<increment>0</increment>
			<targetvalue>0</targetvalue>
		</event>
		<!-- Shake the screen to sync up to the music -->
		<event>
			<timestamp>33</timestamp>
			<duration>0</duration>
			<action>change_variable</action>
			<status>new</status>
			<variable>cameraShakeFrequency</variable>
			<increment>0</increment>
			<targetvalue>30</targetvalue>
		</event>
		<event>
			<timestamp>33.9</timestamp>
			<duration>0</duration>
			<action>change_variable</action>
			<status>new</status>
			<variable>cameraShakeFrequency</variable>
			<increment>0</increment>
			<targetvalue>0</targetvalue>
		</event>
		<event>
			<timestamp>35.8</timestamp>
			<duration>0</duration>
			<action>change_variable</action>
			<status>new</status>
			<variable>cameraShakeFrequency</variable>
			<increment>0</increment>
			<targetvalue>30</targetvalue>
		</event>
		<event>
			<timestamp>36.7</timestamp>
			<duration>0</duration>
			<action>change_variable</action>
			<status>new</status>
			<variable>cameraShakeFrequency</variable>
			<increment>0</increment>
			<targetvalue>0</targetvalue>
		</event>
		<event>
			<timestamp>38.6</timestamp>
			<duration>0</duration>
			<action>change_variable</action>
			<status>new</status>
			<variable>cameraShakeFrequency</variable>
			<increment>0</increment>
			<targetvalue>30</targetvalue>
		</event>
		<event>
			<timestamp>39.5</timestamp>
			<duration>0</duration>
			<action>change_variable</action>
			<status>new</status>
			<variable>cameraShakeFrequency</variable>
			<increment>0</increment>
			<targetvalue>0</targetvalue>
		</event>
		<event>
			<timestamp>41.4</timestamp>
			<duration>0</duration>
			<action>change_variable</action>
			<status>new</status>
			<variable>cameraShakeFrequency</variable>
			<increment>0</increment>
			<targetvalue>30</targetvalue>
		</event>
		<event>
			<timestamp>42.3</timestamp>
			<duration>0</duration>
			<action>change_variable</action>
			<status>new</status>
			<variable>cameraShakeFrequency</variable>
			<increment>0</increment>
			<targetvalue>0</targetvalue>
		</event>
		<!-- Spawn a bunch of enemyMelees to chase them -->
		<event>
			<timestamp>44</timestamp>
			<duration>6</duration>
			<action>spawn_item</action>
			<status>new</status>
			<type>enemyMelee</type>
			<posx>-50</posx>
			<posy>300</posy>
			<speedx>0</speedx>
			<speedy>0</speedy>
			<state>idle</state>
		</event>
		<event>
			<timestamp>44</timestamp>
			<duration>6</duration>
			<action>spawn_item</action>
			<status>new</status>
			<type>enemyMelee</type>
			<posx>-30</posx>
			<posy>400</posy>
			<speedx>0</speedx>
			<speedy>0</speedy>
			<state>idle</state>
		</event>
		<event>
			<timestamp>44</timestamp>
			<duration>6</duration>
			<action>spawn_item</action>
			<status>new</status>
			<type>enemyMelee</type>
			<posx>-50</posx>
			<posy>200</posy>
			<speedx>0</speedx>
			<speedy>0</speedy>
			<state>idle</state>
		</event>
		<!-- Start shaking the screen constantly -->
		<event>
			<timestamp>44.2</timestamp>
			<duration>0</duration>
			<action>change_variable</action>
			<status>new</status>
			<variable>cameraShakeFrequency</variable>
			<increment>0</increment>
			<targetvalue>30</targetvalue>
		</event>
		<!-- Brighten the screen -->
		<event>
			<timestamp>49.7</timestamp>
			<duration>2</duration>
			<action>change_variable</action>
			<status>new</status>
			<variable>fillRectBrightLevel</variable>
			<increment>0.015</increment>
			<targetvalue>1</targetvalue>
		</event>
		<!-- Start a cutscene -->
		<event>
			<timestamp>50</timestamp>
			<duration>8</duration>
			<action>cutscene</action>
			<status>new</status>
		</event>
		<!-- Kill the background speeds -->
		<event>
			<timestamp>52</timestamp>
			<duration>0</duration>
			<action>change_variable</action>
			<status>new</status>
			<variable>backgroundSpeedX0</variable>
			<increment>0</increment>
			<targetvalue>0</targetvalue>
		</event>
		<event>
			<timestamp>52</timestamp>
			<duration>0</duration>
			<action>change_variable</action>
			<status>new</status>
			<variable>backgroundSpeedXNeg1</variable>
			<increment>0</increment>
			<targetvalue>0</targetvalue>
		</event>
		<!-- Stop the camerashake -->
		<event>
			<timestamp>52</timestamp>
			<duration>0</duration>
			<action>change_variable</action>
			<status>new</status>
			<variable>cameraShakeFrequency</variable>
			<increment>0</increment>
			<targetvalue>0</targetvalue>
		</event>
		<!-- Stop the warning flashing -->
		<event>
			<timestamp>52</timestamp>
			<duration>0</duration>
			<action>change_variable</action>
			<status>new</status>
			<variable>warningFlashingTimer</variable>
			<increment>0</increment>
			<targetvalue>-1</targetvalue>
		</event>
		<!-- Spawn the building -->
		<event>
			<timestamp>53</timestamp>
			<duration>0</duration>
			<action>spawn_item</action>
			<status>new</status>
			<type>building</type>
			<posx>671</posx>
			<posy>600</posy>
			<speedx>0</speedx>
			<speedy>0</speedy>
			<state>idle</state>
		</event>
		<!-- Change the background on the 0 z-plane -->
		<event>
			<timestamp>53</timestamp>
			<duration>0</duration>
			<action>change_background</action>
			<status>new</status>
			<zplane>0</zplane>
			<filename>Images/Background_Street.png</filename>
		</event>
		<!-- "Teleport" the player -->
		<event>
			<timestamp>53</timestamp>
			<duration>0</duration>
			<action>move_actor</action>
			<status>new</status>
			<actor>player</actor>
			<speed>0</speed>
			<targetpositionx>100</targetpositionx>
			<targetpositiony>450</targetpositiony>
		</event>
		<!-- Change the minY variable -->
		<event>
			<timestamp>53</timestamp>
			<duration>0</duration>
			<action>change_variable</action>
			<status>new</status>
			<variable>minY</variable>
			<increment>0</increment>
			<targetvalue>360</targetvalue>
		</event>
		<!-- Clear any existing enemies that we didn't kill before the cutscene happened -->
		<event>
			<timestamp>53</timestamp>
			<duration>0</duration>
			<action>clear_enemies</action>
			<status>new</status>
		</event>
		<!-- Spawn the Security Guard -->
		<event>
			<timestamp>53</timestamp>
			<duration>0</duration>
			<action>spawn_item</action>
			<status>new</status>
			<type>enemySecurityGuard</type>
			<posx>675</posx>
			<posy>350</posy>
			<speedx>0</speedx>
			<speedy>0</speedy>
			<state>idle</state>
			<minY>300</minY>
			<maxY>376</maxY>
		</event>
		<!-- Reset the screen brightness so we can see the scene before we immediately turn the speed up! -->
		<event>
			<timestamp>54</timestamp>
			<duration>0</duration>
			<action>change_variable</action>
			<status>new</status>
			<variable>fillRectBrightLevel</variable>
			<increment>0</increment>
			<targetvalue>0</targetvalue>
		</event>
		<!-- "Kill" the building and send it off the screen -->
		<event>
			<timestamp>55</timestamp>
			<duration>0</duration>
			<action>change_state</action>
			<status>new</status>
			<actor>building</actor>
			<newState>dying</newState>
		</event>
		<!-- Change the player state to stunned state -->
		<event>
			<timestamp>55</timestamp>
			<duration>3</duration>
			<action>change_state</action>
			<status>new</status>
			<actor>player</actor>
			<newState>stunned</newState>
		</event>	
		<!-- Send the player FLYING a great speeds out of the building! -->
		<event>
			<timestamp>55.3</timestamp>
			<duration>3</duration>
			<action>move_actor</action>
			<status>new</status>
			<actor>player</actor>
			<speed>20</speed>
			<targetpositionx>1000</targetpositionx>
			<targetpositiony>450</targetpositiony>
		</event>
		<!-- Launch the Security Guard -->
		<event>
			<timestamp>55.2</timestamp>
			<duration>0</duration>
			<action>change_state</action>
			<status>new</status>
			<actor>enemySecurityGuard</actor>
			<newState>flying</newState>
		</event>
		<!-- Enable SlowMotion -->
		<event>
			<timestamp>55.5</timestamp>
			<duration>0</duration>
			<action>change_variable</action>
			<status>new</status>
			<variable>speedfactor</variable>
			<increment>0</increment>
			<targetvalue>0.25</targetvalue>
		</event>
		<!-- Set the background speeds -->
		<event>
			<timestamp>56.5</timestamp>
			<duration>0</duration>
			<action>change_variable</action>
			<status>new</status>
			<variable>backgroundSpeedX0</variable>
			<increment>0</increment>
			<targetvalue>-30</targetvalue>
		</event>
		<event>
			<timestamp>56.5</timestamp>
			<duration>0</duration>
			<action>change_variable</action>
			<status>new</status>
			<variable>backgroundSpeedXNeg1</variable>
			<increment>0</increment>
			<targetvalue>-2.5</targetvalue>
		</event>
		<!-- Disable SlowMotion -->
		<event>
			<timestamp>58</timestamp>
			<duration>0</duration>
			<action>change_variable</action>
			<status>new</status>
			<variable>speedfactor</variable>
			<increment>0</increment>
			<targetvalue>1</targetvalue>
		</event>
		<!-- Unload the building -->
		<event>
			<timestamp>61</timestamp>
			<duration>0</duration>
			<action>unload_asset</action>
			<status>new</status>
			<assetname>building</assetname>
		</event>
		<!-- Unload the security guard -->
		<event>
			<timestamp>61</timestamp>
			<duration>0</duration>
			<action>unload_asset</action>
			<status>new</status>
			<assetname>enemySecurityGuard</assetname>
		</event>
		<!-- Spawn some more enemyMelees -->
		<event>
			<timestamp>61</timestamp>
			<duration>0</duration>
			<action>spawn_item</action>
			<status>new</status>
			<type>enemyMelee</type>
			<posx>-50</posx>
			<posy>500</posy>
			<speedx>0</speedx>
			<speedy>0</speedy>
			<state>idle</state>
		</event>
		<!-- Spawn the enemyBomber -->
		<event>
			<timestamp>66</timestamp>
			<duration>0</duration>
			<action>spawn_item</action>
			<status>new</status>
			<type>enemyBomber</type>
			<posx>800</posx>
			<posy>0</posy>
			<speedx>0</speedx>
			<speedy>0</speedy>
			<state>idle</state>
		</event>
		<!-- Spawn concrete barricade -->
		<event>
			<timestamp>70</timestamp>
			<duration>0</duration>
			<action>spawn_item</action>
			<status>new</status>
			<type>warningArrow</type>
			<posx>1050</posx>
			<posy>350</posy>
			<speedx>0</speedx>
			<speedy>0</speedy>
			<state>idle</state>
		</event>
		<event>
			<timestamp>70.7</timestamp>
			<duration>0</duration>
			<action>spawn_item</action>
			<status>new</status>
			<type>barricadeConcrete</type>
			<posx>canvasWidth</posx>
			<posy>375</posy>
			<speedx>this.backgroundSpeedX0</speedx>
			<speedy>0</speedy>
			<state>idle</state>
		</event>
		<!-- enemyBomber prep_strafe_left -->
		<event>
			<timestamp>70</timestamp>
			<duration>0</duration>
			<action>change_state</action>
			<status>new</status>
			<actor>enemyBomber</actor>
			<newState>prep_strafe_left</newState>
		</event>
		<!-- Spawn some more enemyMelees -->
		<event>
			<timestamp>74</timestamp>
			<duration>0</duration>
			<action>spawn_item</action>
			<status>new</status>
			<type>enemyMelee</type>
			<posx>-50</posx>
			<posy>500</posy>
			<speedx>0</speedx>
			<speedy>0</speedy>
			<state>idle</state>
		</event>
		<event>
			<timestamp>74</timestamp>
			<duration>0</duration>
			<action>spawn_item</action>
			<status>new</status>
			<type>enemyMelee</type>
			<posx>1250</posx>
			<posy>500</posy>
			<speedx>0</speedx>
			<speedy>0</speedy>
			<state>idle</state>
		</event>
		<!-- Spawn concrete barricade LOW -->
		<event>
			<timestamp>78</timestamp>
			<duration>0</duration>
			<action>spawn_item</action>
			<status>new</status>
			<type>warningArrow</type>
			<posx>1050</posx>
			<posy>450</posy>
			<speedx>0</speedx>
			<speedy>0</speedy>
			<state>idle</state>
		</event>
		<event>
			<timestamp>78.7</timestamp>
			<duration>0</duration>
			<action>spawn_item</action>
			<status>new</status>
			<type>barricadeConcrete</type>
			<posx>canvasWidth</posx>
			<posy>540</posy>
			<speedx>this.backgroundSpeedX0</speedx>
			<speedy>0</speedy>
			<state>idle</state>
		</event>
		<!-- Spawn some more enemyMelees -->
		<event>
			<timestamp>84</timestamp>
			<duration>0</duration>
			<action>spawn_item</action>
			<status>new</status>
			<type>enemyMelee</type>
			<posx>-50</posx>
			<posy>500</posy>
			<speedx>0</speedx>
			<speedy>0</speedy>
			<state>idle</state>
		</event>
		<event>
			<timestamp>84</timestamp>
			<duration>0</duration>
			<action>spawn_item</action>
			<status>new</status>
			<type>enemyMelee</type>
			<posx>1250</posx>
			<posy>500</posy>
			<speedx>0</speedx>
			<speedy>0</speedy>
			<state>idle</state>
		</event>
		<event>
			<timestamp>84</timestamp>
			<duration>0</duration>
			<action>spawn_item</action>
			<status>new</status>
			<type>enemyMelee</type>
			<posx>1250</posx>
			<posy>550</posy>
			<speedx>0</speedx>
			<speedy>0</speedy>
			<state>idle</state>
		</event>
		<!-- enemyBomber prep_strafe_left -->
		<event>
			<timestamp>86.5</timestamp>
			<duration>0</duration>
			<action>change_state</action>
			<status>new</status>
			<actor>enemyBomber</actor>
			<newState>prep_strafe_left</newState>
		</event>
		<!-- enemyBomber prep_strafe_right -->
		<event>
			<timestamp>89.8</timestamp>
			<duration>0</duration>
			<action>change_state</action>
			<status>new</status>
			<actor>enemyBomber</actor>
			<newState>prep_strafe_right</newState>
		</event>
		<!-- enemyBomber prep_strafe_left -->
		<event>
			<timestamp>91.5</timestamp>
			<duration>0</duration>
			<action>change_state</action>
			<status>new</status>
			<actor>enemyBomber</actor>
			<newState>prep_strafe_left</newState>
		</event>
		<!-- enemyBomber prep_strafe_right -->
		<event>
			<timestamp>93.8</timestamp>
			<duration>0</duration>
			<action>change_state</action>
			<status>new</status>
			<actor>enemyBomber</actor>
			<newState>prep_strafe_right</newState>
		</event>
		<!-- enemyBomber prep_launch_missiles -->
		<event>
			<timestamp>97</timestamp>
			<duration>0</duration>
			<action>change_state</action>
			<status>new</status>
			<actor>enemyBomber</actor>
			<newState>prep_launch_missiles</newState>
		</event>
		<!-- enemyBomber prep_launch_missiles -->
		<event>
			<timestamp>110</timestamp>
			<duration>0</duration>
			<action>change_state</action>
			<status>new</status>
			<actor>enemyBomber</actor>
			<newState>prep_launch_missiles</newState>
		</event>
		<!-- enemyBomber prep_strafe_right -->
		<event>
			<timestamp>117</timestamp>
			<duration>0</duration>
			<action>change_state</action>
			<status>new</status>
			<actor>enemyBomber</actor>
			<newState>prep_strafe_right</newState>
		</event>
		<!-- enemyBomber leaving -->
		<event>
			<timestamp>123</timestamp>
			<duration>0</duration>
			<action>change_state</action>
			<status>new</status>
			<actor>enemyBomber</actor>
			<newState>leaving</newState>
		</event>
		<!-- enemyGorilla show up -->
		<event>
			<timestamp>124</timestamp>
			<duration>0</duration>
			<action>spawn_item</action>
			<status>new</status>
			<type>enemyGorilla</type>
			<posx>-50</posx>
			<posy>350</posy>
			<speedx>0</speedx>
			<speedy>0</speedy>
			<state>idle</state>
		</event>
		<!-- Unload the enemyBomber -->
		<event>
			<timestamp>130</timestamp>
			<duration>0</duration>
			<action>unload_asset</action>
			<status>new</status>
			<assetname>enemyBomber</assetname>
		</event>
		<!-- Unload the enemyBomberBullet -->
		<event>
			<timestamp>130</timestamp>
			<duration>0</duration>
			<action>unload_asset</action>
			<status>new</status>
			<assetname>enemyBomberBullet</assetname>
		</event>
		<!-- Spawn concrete barricade HIGH -->
		<event>
			<timestamp>133</timestamp>
			<duration>0</duration>
			<action>spawn_item</action>
			<status>new</status>
			<type>warningArrow</type>
			<posx>1050</posx>
			<posy>350</posy>
			<speedx>0</speedx>
			<speedy>0</speedy>
			<state>idle</state>
		</event>
		<event>
			<timestamp>133.7</timestamp>
			<duration>0</duration>
			<action>spawn_item</action>
			<status>new</status>
			<type>barricadeConcrete</type>
			<posx>canvasWidth</posx>
			<posy>375</posy>
			<speedx>this.backgroundSpeedX0</speedx>
			<speedy>0</speedy>
			<state>idle</state>
		</event>
		<!-- Spawn concrete barricade LOW -->
		<event>
			<timestamp>135</timestamp>
			<duration>0</duration>
			<action>spawn_item</action>
			<status>new</status>
			<type>warningArrow</type>
			<posx>1050</posx>
			<posy>450</posy>
			<speedx>0</speedx>
			<speedy>0</speedy>
			<state>idle</state>
		</event>
		<event>
			<timestamp>135.7</timestamp>
			<duration>0</duration>
			<action>spawn_item</action>
			<status>new</status>
			<type>barricadeConcrete</type>
			<posx>canvasWidth</posx>
			<posy>540</posy>
			<speedx>this.backgroundSpeedX0</speedx>
			<speedy>0</speedy>
			<state>idle</state>
		</event>
		<!-- Spawn concrete barricade HIGH -->
		<event>
			<timestamp>137</timestamp>
			<duration>0</duration>
			<action>spawn_item</action>
			<status>new</status>
			<type>warningArrow</type>
			<posx>1050</posx>
			<posy>350</posy>
			<speedx>0</speedx>
			<speedy>0</speedy>
			<state>idle</state>
		</event>
		<event>
			<timestamp>137.7</timestamp>
			<duration>0</duration>
			<action>spawn_item</action>
			<status>new</status>
			<type>barricadeConcrete</type>
			<posx>canvasWidth</posx>
			<posy>375</posy>
			<speedx>this.backgroundSpeedX0</speedx>
			<speedy>0</speedy>
			<state>idle</state>
		</event>
		<!-- Spawn concrete barricade LOW -->
		<event>
			<timestamp>139</timestamp>
			<duration>0</duration>
			<action>spawn_item</action>
			<status>new</status>
			<type>warningArrow</type>
			<posx>1050</posx>
			<posy>450</posy>
			<speedx>0</speedx>
			<speedy>0</speedy>
			<state>idle</state>
		</event>
		<event>
			<timestamp>139.7</timestamp>
			<duration>0</duration>
			<action>spawn_item</action>
			<status>new</status>
			<type>barricadeConcrete</type>
			<posx>canvasWidth</posx>
			<posy>540</posy>
			<speedx>this.backgroundSpeedX0</speedx>
			<speedy>0</speedy>
			<state>idle</state>
		</event>
		<!-- Spawn the Tunnel Entrance -->
		<event>
			<timestamp>141.6</timestamp>
			<duration>0</duration>
			<action>spawn_item</action>
			<status>new</status>
			<type>tunnelEntrance</type>
			<posx>3630</posx>
			<posy>675</posy>
			<speedx>this.backgroundSpeedX0</speedx>
			<speedy>0</speedy>
			<state>idle</state>
		</event>
		<!-- Change the background on the 0 z-plane -->
		<event>
			<timestamp>142.8</timestamp>
			<duration>0</duration>
			<action>change_background</action>
			<status>new</status>
			<zplane>0</zplane>
			<filename>Images/Background_Tunnel.png</filename>
		</event>
		<!-- Set the new minY to 250 -->
		<event>
			<timestamp>143</timestamp>
			<duration>0</duration>
			<action>change_variable</action>
			<status>new</status>
			<variable>minY</variable>
			<increment>0</increment>
			<targetvalue>250</targetvalue>
		</event>
		<!-- Retreat the enemyGorilla -->
		<event>
			<timestamp>143</timestamp>
			<duration>0</duration>
			<action>change_state</action>
			<status>new</status>
			<actor>enemyGorilla</actor>
			<newState>retreating</newState>
		</event>
		<!-- Clear any enemyMelee's that might be lingering -->
		<event>
			<timestamp>143.8</timestamp>
			<duration>0</duration>
			<action>clear_enemies</action>
			<status>new</status>
		</event>
		<!-- Unload the barricadeConcrete -->
		<event>
			<timestamp>144</timestamp>
			<duration>0</duration>
			<action>unload_asset</action>
			<status>new</status>
			<assetname>barricadeConcrete</assetname>
		</event>
		<!-- Unload the enemyMelees -->
		<event>
			<timestamp>144</timestamp>
			<duration>0</duration>
			<action>unload_asset</action>
			<status>new</status>
			<assetname>enemyMelee</assetname>
		</event>
		<!-- Have the rabbit say "we musta lost 'em" -->
		<event>
			<timestamp>145</timestamp>
			<duration>2</duration>
			<status>new</status>
			<action>speechortext</action>
			<actor>rabbit</actor>
			<quadrant>4</quadrant>
			<text>We got away!</text>
			<color>white</color>
			<font>20px Arial</font>
		</event>
		<!-- Start the Cutscene -->
		<event>
			<timestamp>143</timestamp>
			<duration>11</duration>
			<action>cutscene</action>
			<status>new</status>
		</event>
		<!-- Have the player move to the side of the screen and sit there like in the Menu -->
		<event>
			<timestamp>143</timestamp>
			<duration>3</duration>
			<action>move_actor</action>
			<status>new</status>
			<actor>player</actor>
			<speed>10</speed>
			<targetpositionx>950</targetpositionx>
			<targetpositiony>480</targetpositiony>
		</event>
		<!-- FAKE Credits Crawl! -->
		<event>
			<timestamp>148</timestamp>
			<duration>0</duration>
			<action>change_variable</action>
			<status>new</status>
			<variable>rollCredits</variable>
			<increment>0</increment>
			<targetvalue>true</targetvalue>
		</event>
		<event>
			<timestamp>154</timestamp>
			<duration>0</duration>
			<action>change_variable</action>
			<status>new</status>
			<variable>rollCredits</variable>
			<increment>0</increment>
			<targetvalue>false</targetvalue>
		</event>
		<!-- Spawn the Beat-Up enemyGorilla at 154000 -->
		<event>
			<timestamp>153.8</timestamp>
			<duration>0</duration>
			<action>spawn_item</action>
			<status>new</status>
			<type>enemyGorilla</type>
			<posx>-50</posx>
			<posy>350</posy>
			<speedx>0</speedx>
			<speedy>0</speedy>
			<state>idle</state>
		</event>
		<!-- Have the rabbit look back say some words -->
		<event>
			<timestamp>154.4</timestamp>
			<duration>0</duration>
			<action>change_state</action>
			<status>new</status>
			<actor>player</actor>
			<newState>shoot_left</newState>
		</event>
		<event>
			<timestamp>154.4</timestamp>
			<duration>2</duration>
			<status>new</status>
			<action>speechortext</action>
			<actor>rabbit</actor>
			<quadrant>4</quadrant>
			<text>Oh, back for more, eh?!</text>
			<color>white</color>
			<font>20px Arial</font>
		</event>
		<!-- If the enemyGorilla is not dead by 162000 have him leave the screen -->
		<event>
			<timestamp>162</timestamp>
			<duration>0</duration>
			<action>change_state</action>
			<status>new</status>
			<actor>enemyGorilla</actor>
			<newState>retreating</newState>
		</event>
		<!-- Have the rabbit look back say some words -->
		<event>
			<timestamp>163</timestamp>
			<duration>0</duration>
			<action>change_state</action>
			<status>new</status>
			<actor>player</actor>
			<newState>shoot_left</newState>
		</event>
		<event>
			<timestamp>163</timestamp>
			<duration>2</duration>
			<status>new</status>
			<action>speechortext</action>
			<actor>rabbit</actor>
			<quadrant>4</quadrant>
			<text>That's right! Get lost you motherless-</text>
			<color>white</color>
			<font>20px Arial</font>
		</event>
		<event>
			<timestamp>165.8</timestamp>
			<duration>2</duration>
			<status>new</status>
			<action>speechortext</action>
			<actor>rabbit</actor>
			<quadrant>4</quadrant>
			<text>Must go faster!</text>
			<color>white</color>
			<font>20px Arial</font>
		</event>
		<!-- Spawn the rest of the giant robot vehicles 165900-->
		<event>
			<timestamp>165.8</timestamp>
			<duration>0</duration>
			<action>spawn_item</action>
			<status>new</status>
			<type>enemyGorilla</type>
			<posx>-100</posx>
			<posy>300</posy>
			<speedx>0</speedx>
			<speedy>0</speedy>
			<state>car_chasing</state>
		</event>
		<event>
			<timestamp>165.9</timestamp>
			<duration>0</duration>
			<action>spawn_item</action>
			<status>new</status>
			<type>enemyVehicleYellow</type>
			<posx>-120</posx>
			<posy>390</posy>
			<speedx>0</speedx>
			<speedy>0</speedy>
			<state>idle</state>
		</event>
		<event>
			<timestamp>165.9</timestamp>
			<duration>0</duration>
			<action>spawn_item</action>
			<status>new</status>
			<type>enemyVehicleBlack</type>
			<posx>-80</posx>
			<posy>460</posy>
			<speedx>0</speedx>
			<speedy>0</speedy>
			<state>idle</state>
		</event>
		<event>
			<timestamp>165.9</timestamp>
			<duration>0</duration>
			<action>spawn_item</action>
			<status>new</status>
			<type>enemyVehicleBlue</type>
			<posx>-60</posx>
			<posy>530</posy>
			<speedx>0</speedx>
			<speedy>0</speedy>
			<state>idle</state>
		</event>
		<event>
			<timestamp>165.9</timestamp>
			<duration>0</duration>
			<action>spawn_item</action>
			<status>new</status>
			<type>enemyVehiclePink</type>
			<posx>-100</posx>
			<posy>600</posy>
			<speedx>0</speedx>
			<speedy>0</speedy>
			<state>idle</state>
		</event>
		<!-- Have rabbit warn us to get out of the way -->
		<event>
			<timestamp>170</timestamp>
			<duration>2</duration>
			<status>new</status>
			<action>speechortext</action>
			<actor>rabbit</actor>
			<quadrant>2</quadrant>
			<text>Look out! Move outta their way!!</text>
			<color>white</color>
			<font>20px Arial</font>
		</event>
		<!-- Have the giant robot vehicles speed up! 170000-->
		<event>
			<timestamp>170</timestamp>
			<duration>0</duration>
			<action>change_state</action>
			<status>new</status>
			<actor>enemyGorilla</actor>
			<newState>prep_car_passing</newState>
		</event>
		<event>
			<timestamp>170.4</timestamp>
			<duration>0</duration>
			<action>change_state</action>
			<status>new</status>
			<actor>enemyVehicleBlack</actor>
			<newState>prep_car_passing</newState>
		</event>
		<event>
			<timestamp>170.8</timestamp>
			<duration>0</duration>
			<action>change_state</action>
			<status>new</status>
			<actor>enemyVehiclePink</actor>
			<newState>prep_car_passing</newState>
		</event>
		<event>
			<timestamp>171</timestamp>
			<duration>0</duration>
			<action>change_state</action>
			<status>new</status>
			<actor>enemyVehicleYellow</actor>
			<newState>prep_car_passing</newState>
		</event>
		<event>
			<timestamp>171</timestamp>
			<duration>0</duration>
			<action>change_state</action>
			<status>new</status>
			<actor>enemyVehicleBlue</actor>
			<newState>prep_car_passing</newState>
		</event>
		<!-- Spawn the Tunnel Exit 173000-->
		<event>
			<timestamp>173</timestamp>
			<duration>0</duration>
			<action>spawn_item</action>
			<status>new</status>
			<type>tunnelExit</type>
			<posx>3630</posx>
			<posy>675</posy>
			<speedx>this.backgroundSpeedX0</speedx>
			<speedy>0</speedy>
			<state>idle</state>
		</event>
		<!-- Change the background on the -1 z-plane -->
		<event>
			<timestamp>174.6</timestamp>
			<duration>0</duration>
			<action>change_background</action>
			<status>new</status>
			<zplane>-1</zplane>
			<filename>Images/Background_Mountains.png</filename>
		</event>
		<!-- Change the background on the 0 z-plane -->
		<event>
			<timestamp>174.6</timestamp>
			<duration>0</duration>
			<action>change_background</action>
			<status>new</status>
			<zplane>0</zplane>
			<filename>Images/Background_Bridge.png</filename>
		</event>
		<!-- Change the background on the 1 z-plane -->
		<event>
			<timestamp>174.6</timestamp>
			<duration>0</duration>
			<action>change_background</action>
			<status>new</status>
			<zplane>1</zplane>
			<filename>Images/Background_Bridge1.png</filename>
		</event>
		<!-- Change the minY variable -->
		<event>
			<timestamp>174.6</timestamp>
			<duration>0</duration>
			<action>change_variable</action>
			<status>new</status>
			<variable>minY</variable>
			<increment>0</increment>
			<targetvalue>360</targetvalue>
		</event>
		<!-- Change the maxY variable -->
		<event>
			<timestamp>174.6</timestamp>
			<duration>0</duration>
			<action>change_variable</action>
			<status>new</status>
			<variable>maxY</variable>
			<increment>0</increment>
			<targetvalue>490</targetvalue>
		</event>
		<!-- Should be out of the tunnel by 175000 -->
		<!-- "Tilt the camera up" -->
		<event>
			<timestamp>176</timestamp>
			<duration>0</duration>
			<action>change_variable</action>
			<status>new</status>
			<variable>backgroundSpeedY0</variable>
			<increment>0</increment>
			<targetvalue>5</targetvalue>
		</event>
		<event>
			<timestamp>176</timestamp>
			<duration>0</duration>
			<action>change_variable</action>
			<status>new</status>
			<variable>backgroundSpeedYPos1</variable>
			<increment>0</increment>
			<targetvalue>5</targetvalue>
		</event>
		<!-- Change the minY and maxY variables -->
		<event>
			<timestamp>176</timestamp>
			<duration>0</duration>
			<action>change_variable</action>
			<status>new</status>
			<variable>minY</variable>
			<increment>0</increment>
			<targetvalue>460</targetvalue>
		</event>
		<event>
			<timestamp>176</timestamp>
			<duration>0</duration>
			<action>change_variable</action>
			<status>new</status>
			<variable>maxY</variable>
			<increment>0</increment>
			<targetvalue>590</targetvalue>
		</event>
		<!-- Stop tilting the camera  -->
		<event>
			<timestamp>176.4</timestamp>
			<duration>0</duration>
			<action>change_variable</action>
			<status>new</status>
			<variable>backgroundSpeedY0</variable>
			<increment>0</increment>
			<targetvalue>0</targetvalue>
		</event>
		<event>
			<timestamp>176.4</timestamp>
			<duration>0</duration>
			<action>change_variable</action>
			<status>new</status>
			<variable>backgroundSpeedYPos1</variable>
			<increment>0</increment>
			<targetvalue>0</targetvalue>
		</event>
		<!-- Enter the giant robot! 176400 -->
		<event>
			<timestamp>176.4</timestamp>
			<duration>0</duration>
			<action>spawn_item</action>
			<status>new</status>
			<type>enemyVehicleYellow</type>
			<posx>600</posx>
			<posy>700</posy>
			<speedx>0</speedx>
			<speedy>0</speedy>
			<state>robot_enter</state>
		</event>
		<event>
			<timestamp>176.4</timestamp>
			<duration>0</duration>
			<action>spawn_item</action>
			<status>new</status>
			<type>enemyVehiclePink</type>
			<posx>600</posx>
			<posy>700</posy>
			<speedx>0</speedx>
			<speedy>0</speedy>
			<state>robot_idle</state>
		</event>
		<event>
			<timestamp>176.4</timestamp>
			<duration>0</duration>
			<action>spawn_item</action>
			<status>new</status>
			<type>enemyVehicleBlack</type>
			<posx>600</posx>
			<posy>700</posy>
			<speedx>0</speedx>
			<speedy>0</speedy>
			<state>robot_swing_arm_out</state>
		</event>
		<event>
			<timestamp>176.4</timestamp>
			<duration>0</duration>
			<action>spawn_item</action>
			<status>new</status>
			<type>enemyVehicleBlue</type>
			<posx>600</posx>
			<posy>700</posy>
			<speedx>0</speedx>
			<speedy>0</speedy>
			<state>robot_swing_arm_out</state>
		</event>
		<event>
			<timestamp>176.4</timestamp>
			<duration>0</duration>
			<action>spawn_item</action>
			<status>new</status>
			<type>enemyGorilla</type>
			<posx>600</posx>
			<posy>700</posy>
			<speedx>0</speedx>
			<speedy>0</speedy>
			<state>robot_idle</state>
		</event>
		<!-- Fire Headlight Beams -->
		<event>
			<timestamp>183</timestamp>
			<duration>0</duration>
			<action>change_state</action>
			<status>new</status>
			<actor>enemyVehiclePink</actor>
			<newState>robot_shoot_down</newState>
		</event>
		<event>
			<timestamp>184</timestamp>
			<duration>0</duration>
			<action>change_state</action>
			<status>new</status>
			<actor>enemyVehiclePink</actor>
			<newState>robot_shoot_down</newState>
		</event>
		<!-- Fire Ze Missiles! -->
		<event>
			<timestamp>188</timestamp>
			<duration>0</duration>
			<action>change_state</action>
			<status>new</status>
			<actor>enemyVehicleYellow</actor>
			<newState>robot_launch_missiles</newState>
		</event>
		<!-- Smash a Fist -->
		<event>
			<timestamp>210</timestamp>
			<duration>0</duration>
			<action>change_state</action>
			<status>new</status>
			<actor>enemyVehicleBlack</actor>
			<newState>robot_smash</newState>
		</event>
		<!-- Smash another Fist -->
		<event>
			<timestamp>213</timestamp>
			<duration>0</duration>
			<action>change_state</action>
			<status>new</status>
			<actor>enemyVehicleBlue</actor>
			<newState>robot_smash</newState>
		</event>
		<!-- Smash BOTH Fists -->
		<event>
			<timestamp>216</timestamp>
			<duration>0</duration>
			<action>change_state</action>
			<status>new</status>
			<actor>enemyVehicleBlack</actor>
			<newState>robot_smash</newState>
		</event>
		<event>
			<timestamp>216</timestamp>
			<duration>0</duration>
			<action>change_state</action>
			<status>new</status>
			<actor>enemyVehicleBlue</actor>
			<newState>robot_smash</newState>
		</event>
		<!-- Launch a Barrel or two -->
		<event>
			<timestamp>224</timestamp>
			<duration>0</duration>
			<action>change_state</action>
			<status>new</status>
			<actor>enemyGorilla</actor>
			<newState>robot_attack</newState>
		</event>
		<!-- Fire three eye beams -->
		<event>
			<timestamp>233</timestamp>
			<duration>0</duration>
			<action>change_state</action>
			<status>new</status>
			<actor>enemyVehiclePink</actor>
			<newState>robot_shoot_down</newState>
		</event>
		<event>
			<timestamp>235</timestamp>
			<duration>0</duration>
			<action>change_state</action>
			<status>new</status>
			<actor>enemyVehiclePink</actor>
			<newState>robot_shoot_down</newState>
		</event>
		<event>
			<timestamp>237</timestamp>
			<duration>0</duration>
			<action>change_state</action>
			<status>new</status>
			<actor>enemyVehiclePink</actor>
			<newState>robot_shoot_down</newState>
		</event>
		<!-- Final Missile Barrage with fists! -->
		<event>
			<timestamp>240</timestamp>
			<duration>0</duration>
			<action>change_state</action>
			<status>new</status>
			<actor>enemyVehicleYellow</actor>
			<newState>robot_launch_missiles</newState>
		</event>
		<event>
			<timestamp>243</timestamp>
			<duration>0</duration>
			<action>change_state</action>
			<status>new</status>
			<actor>enemyVehicleBlack</actor>
			<newState>robot_smash</newState>
		</event>
		<event>
			<timestamp>243</timestamp>
			<duration>0</duration>
			<action>change_state</action>
			<status>new</status>
			<actor>enemyVehicleBlue</actor>
			<newState>robot_smash</newState>
		</event>
		<!-- "Robots, leave!" -->
		<event>
			<timestamp>245</timestamp>
			<duration>0</duration>
			<action>change_state</action>
			<status>new</status>
			<actor>enemyVehicleYellow</actor>
			<newState>robot_leaving</newState>
		</event>
		<event>
			<timestamp>245</timestamp>
			<duration>0</duration>
			<action>change_state</action>
			<status>new</status>
			<actor>enemyVehiclePink</actor>
			<newState>robot_leaving</newState>
		</event>
		<event>
			<timestamp>245</timestamp>
			<duration>0</duration>
			<action>change_state</action>
			<status>new</status>
			<actor>enemyVehicleBlack</actor>
			<newState>robot_leaving</newState>
		</event>
		<event>
			<timestamp>245</timestamp>
			<duration>0</duration>
			<action>change_state</action>
			<status>new</status>
			<actor>enemyVehicleBlue</actor>
			<newState>robot_leaving</newState>
		</event>
		<event>
			<timestamp>245</timestamp>
			<duration>0</duration>
			<action>change_state</action>
			<status>new</status>
			<actor>enemyGorilla</actor>
			<newState>robot_leaving</newState>
		</event>
		<!-- Start the Cutscene for the Credits -->
		<event>
			<timestamp>245</timestamp>
			<duration>30</duration>
			<action>cutscene</action>
			<status>new</status>
		</event>
		<!-- Have the player move to the side of the screen and sit there like in the Menu -->
		<event>
			<timestamp>245</timestamp>
			<duration>3</duration>
			<action>move_actor</action>
			<status>new</status>
			<actor>player</actor>
			<speed>10</speed>
			<targetpositionx>350</targetpositionx>
			<targetpositiony>480</targetpositiony>
		</event>
		<!-- And make sure the player is in the "idle" state -->
		<event>
			<timestamp>245</timestamp>
			<duration>0</duration>
			<action>change_state</action>
			<status>new</status>
			<actor>player</actor>
			<newState>idle</newState>
		</event>
		<!-- Credits Crawl -->
		<event>
			<timestamp>245</timestamp>
			<duration>0</duration>
			<action>change_variable</action>
			<status>new</status>
			<variable>rollCredits</variable>
			<increment>0</increment>
			<targetvalue>true</targetvalue>
		</event>
		<!-- Speed the player off screen! -->
		<event>
			<timestamp>264</timestamp>
			<duration>3</duration>
			<action>move_actor</action>
			<status>new</status>
			<actor>player</actor>
			<speed>40</speed>
			<targetpositionx>1500</targetpositionx>
			<targetpositiony>480</targetpositiony>
		</event>
		<!-- Brighten the screen -->
		<event>
			<timestamp>265</timestamp>
			<duration>2</duration>
			<action>change_variable</action>
			<status>new</status>
			<variable>fillRectBrightLevel</variable>
			<increment>0.02</increment>
			<targetvalue>1</targetvalue>
		</event>
	</events>
</level>