<worlditems>
	<worlditem numCopies='10'>
		<name>playerBullet</name>
		<spritesheet>Images\SpriteSheet_Player.png</spritesheet>
		<maxHealth>1</maxHealth>
		<health>1</health>
		<basedmg>1</basedmg>
		<x>0</x>
		<y>0</y>
		<movementSpeed>20</movementSpeed>
		<active>false</active>
		<states>
			<state>
				<name>idle</name>
				<frames>
					<frame>
						<anchorpoint>
							<x>6</x>
							<y>6</y>
						</anchorpoint>
						<duration>1</duration>
						<animation>
							<x>1</x>
							<y>1</y>
							<width>11</width>
							<height>11</height>
						</animation>
						<hitbox>
							<x>1</x>
							<y>1</y>
							<width>11</width>
							<height>11</height>
						</hitbox>
					</frame>
				</frames>
			</state>
			<state>
				<name>dying</name>
				<frames>
					<frame>
						<anchorpoint>
							<x>0</x>
							<y>0</y>
						</anchorpoint>
						<duration>0</duration>
						<animation>
							<x>0</x>
							<y>0</y>
							<width>0</width>
							<height>0</height>
						</animation>
						<hitbox>
							<x>0</x>
							<y>0</y>
							<width>0</width>
							<height>0</height>
						</hitbox>
					</frame>
				</frames>
			</state>
		</states>
	</worlditem>
	<worlditem>
		<name>player</name>
		<spritesheet>Images\SpriteSheet_Player.png</spritesheet>
		<maxHealth>100</maxHealth>
		<health>100</health>
		<x>-75</x>
		<y>450</y>
		<movementSpeed>10</movementSpeed>
		<active>true</active>
		<rateoffire>0.1</rateoffire>
		<states>
			<state>
				<name>empty</name>
				<frames>
					<frame>
						<anchorpoint>
							<x>525</x>
							<y>1947</y>
						</anchorpoint>
						<duration>1</duration>
						<animation>
							<x>463</x>
							<y>1901</y>
							<width>124</width>
							<height>100</height>
						</animation>
						<hitbox>
							<x>0</x>
							<y>0</y>
							<width>0</width>
							<height>0</height>
						</hitbox>
					</frame>
				</frames>
			</state>
			<state>
				<name>idle</name>
				<frames>
					<frame>
						<anchorpoint>
							<x>110</x>
							<y>1585</y>
						</anchorpoint>
						<duration>0.200</duration>
						<animation>
							<x>26</x>
							<y>1492</y>
							<width>146</width>
							<height>144</height>
						</animation>
						<hitbox>
							<x>26</x>
							<y>1492</y>
							<width>146</width>
							<height>144</height>
						</hitbox>
						<bulletorigin>
							<x>70</x>
							<y>1492</y>
						</bulletorigin>
					</frame>
					<frame>
						<anchorpoint>
							<x>279</x>
							<y>1585</y>
						</anchorpoint>
						<duration>0.200</duration>
						<animation>
							<x>195</x>
							<y>1492</y>
							<width>146</width>
							<height>144</height>
						</animation>
						<hitbox>
							<x>195</x>
							<y>1492</y>
							<width>146</width>
							<height>144</height>
						</hitbox>
						<bulletorigin>
							<x>239</x>
							<y>1492</y>
						</bulletorigin>
					</frame>
				</frames>
			</state>
			<state>
				<name>shoot_right</name>
				<frames>
					<frame>
						<anchorpoint>
							<x>110</x>
							<y>89</y>
						</anchorpoint>
						<duration>0.2</duration>
						<animation>
							<x>26</x>
							<y>14</y>
							<width>146</width>
							<height>125</height>
						</animation>
						<hitbox>
							<x>26</x>
							<y>14</y>
							<width>146</width>
							<height>124</height>
						</hitbox>
						<bulletorigin>
							<x>147</x>
							<y>46</y>
						</bulletorigin>
					</frame>
					<frame>
						<anchorpoint>
							<x>279</x>
							<y>89</y>
						</anchorpoint>
						<duration>0.2</duration>
						<animation>
							<x>195</x>
							<y>14</y>
							<width>146</width>
							<height>125</height>
						</animation>
						<hitbox>
							<x>195</x>
							<y>14</y>
							<width>146</width>
							<height>124</height>
						</hitbox>
						<bulletorigin>
							<x>316</x>
							<y>46</y>
						</bulletorigin>
					</frame>
				</frames>
			</state>
			<state>
				<name>shoot_upright</name>
				<frames>
					<frame>
						<anchorpoint>
							<x>110</x>
							<y>276</y>
						</anchorpoint>
						<duration>0.2</duration>
						<animation>
							<x>26</x>
							<y>190</y>
							<width>146</width>
							<height>137</height>
						</animation>
						<hitbox>
							<x>26</x>
							<y>190</y>
							<width>146</width>
							<height>137</height>
						</hitbox>
						<bulletorigin>
							<x>121</x>
							<y>191</y>
						</bulletorigin>
					</frame>
					<frame>
						<anchorpoint>
							<x>279</x>
							<y>276</y>
						</anchorpoint>
						<duration>0.2</duration>
						<animation>
							<x>195</x>
							<y>190</y>
							<width>146</width>
							<height>137</height>
						</animation>
						<hitbox>
							<x>195</x>
							<y>190</y>
							<width>146</width>
							<height>137</height>
						</hitbox>
						<bulletorigin>
							<x>290</x>
							<y>191</y>
						</bulletorigin>
					</frame>
				</frames>
			</state>
			<state>
				<name>shoot_up</name>
				<frames>
					<frame>
						<anchorpoint>
							<x>110</x>
							<y>463</y>
						</anchorpoint>
						<duration>0.2</duration>
						<animation>
							<x>30</x>
							<y>362</y>
							<width>142</width>
							<height>152</height>
						</animation>
						<hitbox>
							<x>30</x>
							<y>362</y>
							<width>142</width>
							<height>152</height>
						</hitbox>
						<bulletorigin>
							<x>80</x>
							<y>363</y>
						</bulletorigin>
					</frame>
					<frame>
						<anchorpoint>
							<x>279</x>
							<y>463</y>
						</anchorpoint>
						<duration>0.2</duration>
						<animation>
							<x>189</x>
							<y>362</y>
							<width>152</width>
							<height>152</height>
						</animation>
						<hitbox>
							<x>189</x>
							<y>362</y>
							<width>152</width>
							<height>152</height>
						</hitbox>
						<bulletorigin>
							<x>249</x>
							<y>363</y>
						</bulletorigin>
					</frame>
				</frames>
			</state>
			<state>
				<name>shoot_upleft</name>
				<frames>
					<frame>
						<anchorpoint>
							<x>110</x>
							<y>650</y>
						</anchorpoint>
						<duration>0.2</duration>
						<animation>
							<x>9</x>
							<y>543</y>
							<width>163</width>
							<height>158</height>
						</animation>
						<hitbox>
							<x>9</x>
							<y>543</y>
							<width>163</width>
							<height>158</height>
						</hitbox>
						<bulletorigin>
							<x>10</x>
							<y>544</y>
						</bulletorigin>
					</frame>
					<frame>
						<anchorpoint>
							<x>279</x>
							<y>650</y>
						</anchorpoint>
						<duration>0.2</duration>
						<animation>
							<x>178</x>
							<y>551</y>
							<width>163</width>
							<height>150</height>
						</animation>
						<hitbox>
							<x>178</x>
							<y>551</y>
							<width>163</width>
							<height>150</height>
						</hitbox>
						<bulletorigin>
							<x>179</x>
							<y>544</y>
						</bulletorigin>
					</frame>
				</frames>
			</state>
			<state>
				<name>shoot_left</name>
				<frames>
					<frame>
						<anchorpoint>
							<x>110</x>
							<y>837</y>
						</anchorpoint>
						<duration>0.2</duration>
						<animation>
							<x>4</x>
							<y>755</y>
							<width>168</width>
							<height>133</height>
						</animation>
						<hitbox>
							<x>4</x>
							<y>755</y>
							<width>168</width>
							<height>133</height>
						</hitbox>
						<bulletorigin>
							<x>5</x>
							<y>792</y>
						</bulletorigin>
					</frame>
					<frame>
						<anchorpoint>
							<x>279</x>
							<y>837</y>
						</anchorpoint>
						<duration>0.2</duration>
						<animation>
							<x>173</x>
							<y>750</y>
							<width>168</width>
							<height>138</height>
						</animation>
						<hitbox>
							<x>173</x>
							<y>750</y>
							<width>168</width>
							<height>138</height>
						</hitbox>
						<bulletorigin>
							<x>174</x>
							<y>792</y>
						</bulletorigin>
					</frame>
				</frames>
			</state>
			<state>
				<name>stunned</name>
				<frames>
					<frame>
						<anchorpoint>
							<x>478</x>
							<y>1585</y>
						</anchorpoint>
						<duration>0.4</duration>
						<animation>
							<x>408</x>
							<y>1485</y>
							<width>132</width>
							<height>154</height>
						</animation>
						<hitbox>
							<x>0</x>
							<y>0</y>
							<width>0</width>
							<height>0</height>
						</hitbox>
					</frame>
				</frames>
			</state>
		</states>
	</worlditem>
	<worlditem numCopies='3'>
		<name>warningArrow</name>
		<spritesheet>Images\SpriteSheet_Items.png</spritesheet>
		<maxHealth>1</maxHealth>
		<health>1</health>
		<x>0</x>
		<y>0</y>
		<movementSpeed>0</movementSpeed>
		<active>false</active>
		<states>
			<state>
				<name>idle</name>
				<frames>
					<frame>
						<anchorpoint>
							<x>602</x>
							<y>534</y>
						</anchorpoint>
						<duration>0.2</duration>
						<animation>
							<x>544</x>
							<y>464</y>
							<width>167</width>
							<height>137</height>
						</animation>
						<hitbox>
							<x>0</x>
							<y>0</y>
							<width>0</width>
							<height>0</height>
						</hitbox>
					</frame>
					<frame>
						<anchorpoint>
							<x>0</x>
							<y>0</y>
						</anchorpoint>
						<duration>0.1</duration>
						<animation>
							<x>0</x>
							<y>0</y>
							<width>0</width>
							<height>0</height>
						</animation>
						<hitbox>
							<x>0</x>
							<y>0</y>
							<width>0</width>
							<height>0</height>
						</hitbox>
					</frame>
					<frame>
						<anchorpoint>
							<x>602</x>
							<y>534</y>
						</anchorpoint>
						<duration>0.2</duration>
						<animation>
							<x>544</x>
							<y>464</y>
							<width>167</width>
							<height>137</height>
						</animation>
						<hitbox>
							<x>0</x>
							<y>0</y>
							<width>0</width>
							<height>0</height>
						</hitbox>
					</frame>
					<frame>
						<anchorpoint>
							<x>0</x>
							<y>0</y>
						</anchorpoint>
						<duration>0.1</duration>
						<animation>
							<x>0</x>
							<y>0</y>
							<width>0</width>
							<height>0</height>
						</animation>
						<hitbox>
							<x>0</x>
							<y>0</y>
							<width>0</width>
							<height>0</height>
						</hitbox>
					</frame>
					<frame>
						<anchorpoint>
							<x>602</x>
							<y>534</y>
						</anchorpoint>
						<duration>0.2</duration>
						<animation>
							<x>544</x>
							<y>464</y>
							<width>167</width>
							<height>137</height>
						</animation>
						<hitbox>
							<x>0</x>
							<y>0</y>
							<width>0</width>
							<height>0</height>
						</hitbox>
					</frame>
				</frames>
			</state>
			<state>
				<name>dying</name>
				<frames>
					<frame>
						<anchorpoint>
							<x>0</x>
							<y>0</y>
						</anchorpoint>
						<duration>0</duration>
						<animation>
							<x>0</x>
							<y>0</y>
							<width>0</width>
							<height>0</height>
						</animation>
						<hitbox>
							<x>0</x>
							<y>0</y>
							<width>0</width>
							<height>0</height>
						</hitbox>
					</frame>
				</frames>
			</state>
		</states>
	</worlditem>
</worlditems>